{
  "x_min": [
    0.05000000074505806,
    -2.0,
    0.05000000074505806,
    5.0,
    50.04331588745117,
    0.0002819098299369216
  ],
  "x_max": [
    2.9205243587493896,
    2.0,
    2.2716715335845947,
    113.10828399658203,
    599.98779296875,
    39.99540710449219
  ],
  "y_min": [
    34.747032165527344,
    21.282316207885742,
    127.69389343261719,
    58.72683334350586
  ],
  "y_max": [
    94.9622802734375,
    4692.58740234375,
    28155.525390625,
    89.19425964355469
  ]
}