{
  "x_min": [
    1.7791748046875,
    0.0,
    9.053417205810547,
    0.0,
    50.04331588745117,
    5.000049114227295
  ],
  "x_max": [
    8.0,
    0.6420512795448303,
    56.01068115234375,
    0.8471114039421082,
    599.98779296875,
    11.99919605255127
  ],
  "y_min": [
    1.6711701154708862,
    107.71119689941406,
    725.49169921875,
    0.7521585822105408,
    16.711702346801758
  ],
  "y_max": [
    41.200775146484375,
    5985.2509765625,
    62991.125,
    5.964227199554443,
    412.0077209472656
  ]
}