{
  "x_min": [
    5.5333404541015625,
    2.6787564754486084,
    2.000110387802124,
    6.824051856994629,
    19.4140567779541
  ],
  "x_max": [
    440.8678283691406,
    217.8472442626953,
    49.98652648925781,
    53.3486213684082,
    100.90496063232422
  ],
  "y_min": [
    0.36336755752563477,
    0.47237783670425415,
    3.0,
    1.026290774345398,
    3.060624599456787
  ],
  "y_max": [
    30.026294708251953,
    39.034183502197266,
    15.0,
    2.9789626598358154,
    6.214107990264893
  ]
}