{
  "x_min": [
    19.3275089263916,
    6.630369663238525,
    100.13817596435547,
    0.10000000149011612
  ],
  "x_max": [
    426.8453063964844,
    215.69155883789062,
    799.9483032226562,
    8.727665901184082
  ],
  "y_min": [
    31.21492576599121,
    158.68223571777344,
    189.8555145263672
  ],
  "y_max": [
    99.0,
    674.923828125,
    899.9649658203125
  ]
}