{
  "x_min": [
    9.764836311340332,
    -4.542688369750977,
    5.3051018714904785,
    19.20229148864746,
    0.0
  ],
  "x_max": [
    441.83270263671875,
    221.24668884277344,
    53.44896697998047,
    100.8272705078125,
    18.21237564086914
  ],
  "y_min": [
    0.13715101778507233,
    0.2057265341281891,
    1.0,
    15.0
  ],
  "y_max": [
    2.271721363067627,
    3.4075820446014404,
    5.0,
    30.0
  ]
}